name_id,url
1,http://i.imgur.com/b6QeoCN.jpg
2,http://i.imgur.com/eIEDIH7.jpg
3,http://i.imgur.com/1G5isE0.jpg
4,http://i.imgur.com/1JxOEd8.jpg
5,http://i.imgur.com/lJaU0W5.jpg
6,http://i.imgur.com/AAJ5IAL.jpg
7,http://i.imgur.com/kgRz0PX.jpg
8,http://i.imgur.com/qQOQnSu.jpg
9,http://i.imgur.com/aO9KSIr.jpg
10,http://i.imgur.com/Q9PDHNP.jpg
11,http://i.imgur.com/kfkoz1B.jpg
12,http://i.imgur.com/eJbtKGx.jpg
13,http://i.imgur.com/4kQJqwo.jpg
14,http://i.imgur.com/GIo51yq.jpg
15,http://i.imgur.com/O5EzwPA.jpg
16,http://i.imgur.com/5R35wNc.jpg
17,http://i.imgur.com/pZcbJVG.jpg
18,http://i.imgur.com/s8a2kR3.jpg
19,http://i.imgur.com/yFGS4pa.jpg
